series_id,surface
0,hard_tiles_large_space
1,concrete
2,tiled
3,carpet
4,soft_tiles
5,concrete
6,soft_pvc
7,concrete
8,wood
9,wood
10,soft_pvc
11,tiled
12,wood
13,soft_tiles
14,tiled
15,wood
16,concrete
17,soft_tiles
18,soft_pvc
19,fine_concrete
20,wood
21,wood
22,soft_pvc
23,hard_tiles_large_space
24,concrete
25,wood
26,concrete
27,tiled
28,wood
29,concrete
30,wood
31,soft_pvc
32,concrete
33,soft_pvc
34,soft_pvc
35,wood
36,fine_concrete
37,soft_pvc
38,soft_pvc
39,soft_pvc
40,carpet
41,wood
42,concrete
43,carpet
44,soft_pvc
45,soft_tiles
46,wood
47,carpet
48,wood
49,wood
50,wood
51,soft_tiles
52,soft_pvc
53,wood
54,fine_concrete
55,wood
56,tiled
57,wood
58,wood
59,soft_pvc
60,fine_concrete
61,concrete
62,wood
63,concrete
64,concrete
65,tiled
66,soft_pvc
67,soft_pvc
68,fine_concrete
69,wood
70,wood
71,soft_pvc
72,concrete
73,fine_concrete
74,hard_tiles_large_space
75,soft_pvc
76,tiled
77,soft_pvc
78,concrete
79,soft_pvc
80,soft_tiles
81,tiled
82,fine_concrete
83,tiled
84,concrete
85,soft_pvc
86,concrete
87,concrete
88,concrete
89,concrete
90,soft_pvc
91,concrete
92,soft_tiles
93,concrete
94,tiled
95,concrete
96,soft_pvc
97,concrete
98,soft_tiles
99,fine_concrete
100,hard_tiles_large_space
101,hard_tiles_large_space
102,soft_pvc
103,wood
104,wood
105,soft_tiles
106,concrete
107,wood
108,wood
109,tiled
110,soft_pvc
111,concrete
112,soft_pvc
113,soft_pvc
114,concrete
115,soft_tiles
116,wood
117,wood
118,hard_tiles_large_space
119,soft_pvc
120,soft_pvc
121,wood
122,tiled
123,concrete
124,wood
125,wood
126,tiled
127,wood
128,soft_pvc
129,concrete
130,wood
131,soft_pvc
132,soft_pvc
133,wood
134,soft_pvc
135,concrete
136,tiled
137,fine_concrete
138,wood
139,soft_pvc
140,soft_tiles
141,concrete
142,fine_concrete
143,soft_pvc
144,concrete
145,carpet
146,concrete
147,concrete
148,concrete
149,concrete
150,soft_tiles
151,soft_pvc
152,carpet
153,wood
154,soft_pvc
155,soft_pvc
156,tiled
157,concrete
158,tiled
159,wood
160,soft_pvc
161,hard_tiles_large_space
162,fine_concrete
163,wood
164,wood
165,wood
166,fine_concrete
167,soft_tiles
168,soft_tiles
169,hard_tiles_large_space
170,carpet
171,wood
172,wood
173,wood
174,soft_pvc
175,concrete
176,concrete
177,hard_tiles_large_space
178,concrete
179,hard_tiles_large_space
180,concrete
181,fine_concrete
182,soft_pvc
183,wood
184,concrete
185,soft_pvc
186,tiled
187,soft_pvc
188,wood
189,carpet
190,fine_concrete
191,wood
192,wood
193,concrete
194,soft_pvc
195,soft_pvc
196,wood
197,soft_tiles
198,concrete
199,wood
200,concrete
201,soft_pvc
202,soft_tiles
203,hard_tiles_large_space
204,soft_tiles
205,wood
206,soft_pvc
207,fine_concrete
208,fine_concrete
209,concrete
210,wood
211,wood
212,soft_pvc
213,carpet
214,wood
215,wood
216,soft_tiles
217,soft_tiles
218,soft_pvc
219,concrete
220,soft_pvc
221,soft_pvc
222,concrete
223,soft_pvc
224,wood
225,soft_pvc
226,wood
227,soft_pvc
228,wood
229,tiled
230,wood
231,fine_concrete
232,concrete
233,soft_pvc
234,soft_pvc
235,soft_pvc
236,soft_pvc
237,concrete
238,concrete
239,fine_concrete
240,carpet
241,tiled
242,tiled
243,soft_pvc
244,wood
245,tiled
246,soft_pvc
247,hard_tiles_large_space
248,concrete
249,concrete
250,tiled
251,carpet
252,fine_concrete
253,concrete
254,concrete
255,tiled
256,soft_pvc
257,fine_concrete
258,wood
259,soft_tiles
260,concrete
261,soft_pvc
262,soft_pvc
263,concrete
264,concrete
265,soft_tiles
266,hard_tiles_large_space
267,tiled
268,wood
269,soft_pvc
270,fine_concrete
271,soft_tiles
272,concrete
273,soft_tiles
274,soft_pvc
275,concrete
276,tiled
277,wood
278,soft_pvc
279,soft_tiles
280,concrete
281,wood
282,soft_pvc
283,carpet
284,soft_tiles
285,wood
286,fine_concrete
287,concrete
288,tiled
289,hard_tiles_large_space
290,hard_tiles_large_space
291,hard_tiles_large_space
292,hard_tiles_large_space
293,soft_tiles
294,concrete
295,soft_pvc
296,soft_pvc
297,concrete
298,soft_tiles
299,tiled
300,soft_pvc
301,wood
302,soft_tiles
303,fine_concrete
304,concrete
305,fine_concrete
306,tiled
307,concrete
308,concrete
309,concrete
310,hard_tiles_large_space
311,soft_pvc
312,wood
313,concrete
314,soft_pvc
315,concrete
316,wood
317,wood
318,tiled
319,wood
320,concrete
321,soft_pvc
322,tiled
323,soft_tiles
324,tiled
325,wood
326,concrete
327,carpet
328,soft_pvc
329,soft_pvc
330,hard_tiles_large_space
331,soft_pvc
332,tiled
333,fine_concrete
334,concrete
335,concrete
336,concrete
337,wood
338,soft_pvc
339,wood
340,soft_pvc
341,hard_tiles_large_space
342,wood
343,soft_tiles
344,wood
345,concrete
346,soft_pvc
347,carpet
348,concrete
349,soft_pvc
350,hard_tiles_large_space
351,wood
352,tiled
353,wood
354,wood
355,tiled
356,tiled
357,soft_tiles
358,fine_concrete
359,wood
360,wood
361,concrete
362,concrete
363,wood
364,tiled
365,soft_pvc
366,soft_pvc
367,wood
368,soft_pvc
369,concrete
370,fine_concrete
371,tiled
372,soft_pvc
373,concrete
374,hard_tiles_large_space
375,wood
376,soft_tiles
377,tiled
378,soft_pvc
379,soft_pvc
380,soft_tiles
381,soft_tiles
382,wood
383,hard_tiles_large_space
384,fine_concrete
385,concrete
386,fine_concrete
387,soft_tiles
388,tiled
389,fine_concrete
390,soft_tiles
391,wood
392,concrete
393,soft_pvc
394,soft_pvc
395,soft_tiles
396,soft_pvc
397,soft_pvc
398,concrete
399,concrete
400,tiled
401,soft_pvc
402,carpet
403,wood
404,wood
405,soft_tiles
406,wood
407,tiled
408,fine_concrete
409,fine_concrete
410,concrete
411,wood
412,concrete
413,soft_pvc
414,wood
415,concrete
416,fine_concrete
417,soft_pvc
418,soft_tiles
419,tiled
420,wood
421,wood
422,tiled
423,wood
424,wood
425,fine_concrete
426,concrete
427,soft_pvc
428,hard_tiles_large_space
429,concrete
430,concrete
431,wood
432,soft_pvc
433,concrete
434,soft_tiles
435,wood
436,concrete
437,soft_tiles
438,wood
439,soft_pvc
440,wood
441,soft_tiles
442,soft_pvc
443,soft_pvc
444,wood
445,soft_pvc
446,hard_tiles_large_space
447,concrete
448,wood
449,wood
450,soft_pvc
451,concrete
452,wood
453,wood
454,soft_tiles
455,concrete
456,concrete
457,fine_concrete
458,fine_concrete
459,soft_pvc
460,soft_tiles
461,concrete
462,wood
463,concrete
464,fine_concrete
465,concrete
466,soft_pvc
467,soft_tiles
468,soft_tiles
469,soft_tiles
470,soft_pvc
471,soft_tiles
472,carpet
473,tiled
474,soft_tiles
475,wood
476,wood
477,concrete
478,soft_pvc
479,wood
480,soft_tiles
481,concrete
482,concrete
483,soft_tiles
484,wood
485,carpet
486,concrete
487,concrete
488,wood
489,concrete
490,wood
491,soft_pvc
492,concrete
493,concrete
494,soft_pvc
495,wood
496,wood
497,concrete
498,concrete
499,concrete
500,concrete
501,wood
502,tiled
503,tiled
504,soft_pvc
505,soft_pvc
506,concrete
507,concrete
508,soft_tiles
509,wood
510,soft_pvc
511,soft_tiles
512,soft_pvc
513,soft_tiles
514,soft_pvc
515,tiled
516,fine_concrete
517,wood
518,concrete
519,soft_tiles
520,concrete
521,soft_tiles
522,fine_concrete
523,wood
524,tiled
525,hard_tiles_large_space
526,carpet
527,hard_tiles_large_space
528,fine_concrete
529,concrete
530,wood
531,fine_concrete
532,soft_pvc
533,soft_pvc
534,concrete
535,concrete
536,concrete
537,soft_tiles
538,wood
539,wood
540,wood
541,carpet
542,fine_concrete
543,concrete
544,soft_pvc
545,soft_pvc
546,wood
547,wood
548,concrete
549,concrete
550,carpet
551,soft_tiles
552,concrete
553,concrete
554,soft_tiles
555,concrete
556,wood
557,wood
558,concrete
559,soft_pvc
560,soft_pvc
561,soft_pvc
562,concrete
563,concrete
564,soft_pvc
565,soft_tiles
566,tiled
567,wood
568,soft_tiles
569,soft_pvc
570,tiled
571,carpet
572,concrete
573,soft_pvc
574,fine_concrete
575,wood
576,concrete
577,concrete
578,tiled
579,concrete
580,soft_tiles
581,concrete
582,concrete
583,soft_tiles
584,concrete
585,fine_concrete
586,fine_concrete
587,soft_pvc
588,soft_pvc
589,concrete
590,wood
591,tiled
592,wood
593,concrete
594,soft_tiles
595,carpet
596,concrete
597,wood
598,tiled
599,concrete
600,concrete
601,carpet
602,soft_pvc
603,soft_pvc
604,wood
605,concrete
606,soft_tiles
607,concrete
608,concrete
609,soft_pvc
610,hard_tiles_large_space
611,soft_pvc
612,soft_pvc
613,wood
614,wood
615,fine_concrete
616,soft_tiles
617,concrete
618,soft_pvc
619,soft_tiles
620,concrete
621,soft_tiles
622,tiled
623,soft_pvc
624,soft_pvc
625,soft_tiles
626,soft_pvc
627,soft_pvc
628,soft_tiles
629,soft_pvc
630,concrete
631,wood
632,wood
633,wood
634,concrete
635,concrete
636,soft_pvc
637,concrete
638,soft_pvc
639,soft_tiles
640,soft_pvc
641,hard_tiles_large_space
642,concrete
643,tiled
644,soft_tiles
645,carpet
646,soft_tiles
647,concrete
648,concrete
649,hard_tiles_large_space
650,wood
651,soft_tiles
652,concrete
653,concrete
654,soft_pvc
655,wood
656,tiled
657,soft_pvc
658,hard_tiles_large_space
659,concrete
660,soft_pvc
661,concrete
662,soft_pvc
663,concrete
664,concrete
665,tiled
666,soft_pvc
667,tiled
668,soft_pvc
669,carpet
670,wood
671,soft_pvc
672,tiled
673,wood
674,wood
675,carpet
676,soft_tiles
677,concrete
678,soft_pvc
679,soft_pvc
680,soft_pvc
681,concrete
682,wood
683,soft_pvc
684,soft_pvc
685,wood
686,wood
687,tiled
688,soft_pvc
689,wood
690,tiled
691,wood
692,wood
693,wood
694,wood
695,soft_tiles
696,soft_tiles
697,wood
698,soft_tiles
699,soft_pvc
700,wood
701,concrete
702,soft_pvc
703,tiled
704,soft_tiles
705,carpet
706,wood
707,soft_pvc
708,concrete
709,fine_concrete
710,soft_tiles
711,tiled
712,soft_tiles
713,wood
714,carpet
715,hard_tiles_large_space
716,concrete
717,soft_pvc
718,wood
719,soft_pvc
720,soft_tiles
721,wood
722,soft_tiles
723,concrete
724,soft_pvc
725,concrete
726,concrete
727,wood
728,soft_pvc
729,concrete
730,tiled
731,hard_tiles_large_space
732,concrete
733,concrete
734,concrete
735,concrete
736,wood
737,concrete
738,soft_pvc
739,tiled
740,hard_tiles_large_space
741,soft_pvc
742,concrete
743,soft_pvc
744,soft_pvc
745,soft_pvc
746,concrete
747,concrete
748,wood
749,soft_pvc
750,soft_tiles
751,soft_tiles
752,soft_pvc
753,tiled
754,soft_pvc
755,concrete
756,wood
757,soft_tiles
758,wood
759,soft_pvc
760,soft_pvc
761,hard_tiles_large_space
762,concrete
763,soft_pvc
764,soft_tiles
765,wood
766,soft_pvc
767,concrete
768,soft_pvc
769,soft_pvc
770,soft_pvc
771,concrete
772,fine_concrete
773,fine_concrete
774,wood
775,soft_pvc
776,concrete
777,wood
778,concrete
779,concrete
780,soft_pvc
781,concrete
782,wood
783,soft_tiles
784,soft_pvc
785,concrete
786,fine_concrete
787,fine_concrete
788,hard_tiles_large_space
789,wood
790,soft_tiles
791,wood
792,wood
793,concrete
794,carpet
795,concrete
796,wood
797,concrete
798,hard_tiles_large_space
799,concrete
800,wood
801,concrete
802,hard_tiles_large_space
803,wood
804,concrete
805,fine_concrete
806,soft_pvc
807,hard_tiles_large_space
808,concrete
809,concrete
810,soft_pvc
811,wood
812,soft_tiles
813,concrete
814,soft_tiles
815,soft_pvc
816,soft_tiles
817,soft_tiles
818,soft_tiles
819,fine_concrete
820,wood
821,concrete
822,concrete
823,soft_pvc
824,concrete
825,concrete
826,soft_tiles
827,concrete
828,soft_tiles
829,wood
830,soft_pvc
831,concrete
832,soft_tiles
833,wood
834,wood
835,concrete
836,soft_pvc
837,fine_concrete
838,wood
839,tiled
840,soft_pvc
841,concrete
842,tiled
843,fine_concrete
844,soft_pvc
845,concrete
846,soft_pvc
847,concrete
848,tiled
849,soft_tiles
850,wood
851,soft_pvc
852,concrete
853,concrete
854,concrete
855,tiled
856,hard_tiles_large_space
857,wood
858,soft_pvc
859,wood
860,soft_tiles
861,soft_tiles
862,soft_pvc
863,concrete
864,tiled
865,concrete
866,concrete
867,soft_tiles
868,concrete
869,hard_tiles_large_space
870,soft_tiles
871,wood
872,tiled
873,tiled
874,hard_tiles_large_space
875,carpet
876,tiled
877,soft_pvc
878,tiled
879,wood
880,wood
881,concrete
882,soft_tiles
883,soft_tiles
884,soft_tiles
885,fine_concrete
886,concrete
887,tiled
888,fine_concrete
889,soft_pvc
890,tiled
891,tiled
892,soft_pvc
893,concrete
894,concrete
895,fine_concrete
896,wood
897,concrete
898,tiled
899,soft_pvc
900,wood
901,soft_pvc
902,wood
903,wood
904,tiled
905,fine_concrete
906,soft_pvc
907,soft_tiles
908,wood
909,soft_pvc
910,concrete
911,concrete
912,concrete
913,concrete
914,wood
915,wood
916,soft_tiles
917,tiled
918,soft_pvc
919,soft_tiles
920,fine_concrete
921,soft_pvc
922,hard_tiles_large_space
923,hard_tiles_large_space
924,wood
925,concrete
926,concrete
927,concrete
928,wood
929,tiled
930,soft_pvc
931,tiled
932,wood
933,concrete
934,soft_pvc
935,concrete
936,soft_pvc
937,soft_pvc
938,soft_pvc
939,hard_tiles_large_space
940,concrete
941,tiled
942,tiled
943,wood
944,concrete
945,wood
946,carpet
947,tiled
948,concrete
949,concrete
950,concrete
951,soft_pvc
952,concrete
953,carpet
954,concrete
955,concrete
956,wood
957,soft_pvc
958,soft_tiles
959,soft_pvc
960,wood
961,soft_pvc
962,tiled
963,soft_pvc
964,concrete
965,wood
966,concrete
967,soft_pvc
968,concrete
969,carpet
970,fine_concrete
971,soft_pvc
972,wood
973,concrete
974,soft_pvc
975,soft_pvc
976,concrete
977,fine_concrete
978,fine_concrete
979,concrete
980,soft_pvc
981,wood
982,wood
983,soft_tiles
984,concrete
985,soft_tiles
986,soft_pvc
987,wood
988,concrete
989,soft_pvc
990,concrete
991,soft_pvc
992,wood
993,tiled
994,concrete
995,wood
996,concrete
997,soft_pvc
998,hard_tiles_large_space
999,wood
1000,wood
1001,concrete
1002,concrete
1003,concrete
1004,wood
1005,soft_pvc
1006,soft_pvc
1007,concrete
1008,concrete
1009,tiled
1010,concrete
1011,concrete
1012,carpet
1013,wood
1014,concrete
1015,wood
1016,tiled
1017,concrete
1018,soft_pvc
1019,wood
1020,wood
1021,soft_tiles
1022,hard_tiles_large_space
1023,concrete
1024,soft_tiles
1025,carpet
1026,soft_pvc
1027,tiled
1028,concrete
1029,hard_tiles_large_space
1030,fine_concrete
1031,concrete
1032,concrete
1033,soft_pvc
1034,hard_tiles_large_space
1035,carpet
1036,soft_pvc
1037,concrete
1038,soft_pvc
1039,tiled
1040,soft_pvc
1041,wood
1042,soft_pvc
1043,soft_pvc
1044,wood
1045,concrete
1046,soft_pvc
1047,wood
1048,concrete
1049,soft_pvc
1050,concrete
1051,soft_pvc
1052,carpet
1053,soft_pvc
1054,soft_pvc
1055,soft_tiles
1056,soft_pvc
1057,concrete
1058,wood
1059,concrete
1060,soft_pvc
1061,fine_concrete
1062,hard_tiles_large_space
1063,carpet
1064,concrete
1065,soft_tiles
1066,soft_pvc
1067,tiled
1068,concrete
1069,soft_tiles
1070,soft_tiles
1071,soft_pvc
1072,soft_pvc
1073,concrete
1074,wood
1075,concrete
1076,soft_pvc
1077,soft_pvc
1078,soft_pvc
1079,soft_tiles
1080,soft_tiles
1081,hard_tiles_large_space
1082,tiled
1083,carpet
1084,tiled
1085,tiled
1086,concrete
1087,fine_concrete
1088,wood
1089,wood
1090,soft_pvc
1091,concrete
1092,tiled
1093,tiled
1094,soft_pvc
1095,tiled
1096,soft_pvc
1097,concrete
1098,fine_concrete
1099,concrete
1100,soft_pvc
1101,soft_pvc
1102,soft_tiles
1103,wood
1104,concrete
1105,fine_concrete
1106,concrete
1107,soft_pvc
1108,fine_concrete
1109,concrete
1110,carpet
1111,soft_tiles
1112,wood
1113,fine_concrete
1114,soft_pvc
1115,wood
1116,wood
1117,soft_pvc
1118,wood
1119,concrete
1120,hard_tiles_large_space
1121,fine_concrete
1122,soft_pvc
1123,soft_pvc
1124,tiled
1125,wood
1126,concrete
1127,hard_tiles_large_space
1128,soft_pvc
1129,concrete
1130,wood
1131,wood
1132,concrete
1133,concrete
1134,soft_pvc
1135,fine_concrete
1136,tiled
1137,wood
1138,soft_pvc
1139,concrete
1140,carpet
1141,concrete
1142,soft_pvc
1143,wood
1144,soft_pvc
1145,tiled
1146,soft_pvc
1147,soft_tiles
1148,concrete
1149,concrete
1150,concrete
1151,concrete
1152,soft_pvc
1153,soft_tiles
1154,wood
1155,concrete
1156,fine_concrete
1157,tiled
1158,concrete
1159,soft_pvc
1160,concrete
1161,concrete
1162,concrete
1163,concrete
1164,soft_pvc
1165,carpet
1166,soft_pvc
1167,wood
1168,wood
1169,wood
1170,concrete
1171,wood
1172,hard_tiles_large_space
1173,soft_pvc
1174,soft_pvc
1175,wood
1176,soft_tiles
1177,wood
1178,fine_concrete
1179,hard_tiles_large_space
1180,tiled
1181,soft_pvc
1182,soft_pvc
1183,wood
1184,soft_tiles
1185,concrete
1186,tiled
1187,concrete
1188,tiled
1189,soft_tiles
1190,concrete
1191,soft_tiles
1192,tiled
1193,carpet
1194,soft_tiles
1195,soft_pvc
1196,wood
1197,soft_pvc
1198,wood
1199,soft_pvc
1200,tiled
1201,concrete
1202,soft_pvc
1203,concrete
1204,soft_pvc
1205,soft_tiles
1206,soft_pvc
1207,soft_tiles
1208,concrete
1209,soft_pvc
1210,concrete
1211,tiled
1212,fine_concrete
1213,soft_pvc
1214,concrete
1215,soft_pvc
1216,hard_tiles_large_space
1217,hard_tiles_large_space
1218,wood
1219,wood
1220,fine_concrete
1221,wood
1222,soft_pvc
1223,soft_pvc
1224,soft_tiles
1225,wood
1226,wood
1227,soft_pvc
1228,wood
1229,wood
1230,wood
1231,soft_pvc
1232,fine_concrete
1233,wood
1234,concrete
1235,wood
1236,fine_concrete
1237,wood
1238,concrete
1239,concrete
1240,concrete
1241,wood
1242,wood
1243,concrete
1244,soft_pvc
1245,wood
1246,wood
1247,tiled
1248,concrete
1249,concrete
1250,soft_pvc
1251,concrete
1252,concrete
1253,soft_pvc
1254,soft_pvc
1255,concrete
1256,soft_pvc
1257,wood
1258,wood
1259,concrete
1260,wood
1261,carpet
1262,soft_tiles
1263,wood
1264,concrete
1265,soft_pvc
1266,concrete
1267,soft_pvc
1268,fine_concrete
1269,soft_pvc
1270,soft_tiles
1271,hard_tiles_large_space
1272,soft_pvc
1273,wood
1274,wood
1275,soft_pvc
1276,wood
1277,concrete
1278,hard_tiles_large_space
1279,soft_tiles
1280,concrete
1281,soft_tiles
1282,concrete
1283,wood
1284,soft_pvc
1285,soft_pvc
1286,tiled
1287,concrete
1288,soft_tiles
1289,soft_pvc
1290,concrete
1291,soft_pvc
1292,wood
1293,concrete
1294,fine_concrete
1295,tiled
1296,carpet
1297,concrete
1298,concrete
1299,soft_tiles
1300,wood
1301,soft_pvc
1302,concrete
1303,wood
1304,concrete
1305,soft_pvc
1306,concrete
1307,soft_tiles
1308,fine_concrete
1309,concrete
1310,concrete
1311,wood
1312,concrete
1313,carpet
1314,soft_pvc
1315,soft_tiles
1316,concrete
1317,fine_concrete
1318,soft_pvc
1319,wood
1320,tiled
1321,carpet
1322,soft_tiles
1323,soft_tiles
1324,fine_concrete
1325,concrete
1326,concrete
1327,soft_pvc
1328,soft_pvc
1329,concrete
1330,wood
1331,soft_tiles
1332,carpet
1333,concrete
1334,concrete
1335,hard_tiles_large_space
1336,soft_pvc
1337,carpet
1338,wood
1339,soft_pvc
1340,soft_pvc
1341,wood
1342,wood
1343,soft_pvc
1344,soft_pvc
1345,soft_pvc
1346,fine_concrete
1347,fine_concrete
1348,tiled
1349,hard_tiles_large_space
1350,concrete
1351,concrete
1352,soft_pvc
1353,soft_pvc
1354,soft_tiles
1355,concrete
1356,carpet
1357,soft_pvc
1358,soft_tiles
1359,soft_tiles
1360,concrete
1361,soft_tiles
1362,soft_tiles
1363,soft_pvc
1364,concrete
1365,hard_tiles_large_space
1366,carpet
1367,fine_concrete
1368,tiled
1369,soft_pvc
1370,fine_concrete
1371,soft_tiles
1372,wood
1373,soft_tiles
1374,soft_tiles
1375,hard_tiles_large_space
1376,concrete
1377,wood
1378,concrete
1379,tiled
1380,carpet
1381,tiled
1382,soft_pvc
1383,concrete
1384,concrete
1385,wood
1386,concrete
1387,concrete
1388,wood
1389,concrete
1390,fine_concrete
1391,concrete
1392,soft_pvc
1393,soft_pvc
1394,tiled
1395,concrete
1396,concrete
1397,concrete
1398,soft_pvc
1399,wood
1400,wood
1401,concrete
1402,soft_pvc
1403,soft_tiles
1404,soft_tiles
1405,soft_tiles
1406,concrete
1407,soft_tiles
1408,tiled
1409,carpet
1410,concrete
1411,carpet
1412,concrete
1413,soft_pvc
1414,soft_pvc
1415,soft_tiles
1416,wood
1417,soft_tiles
1418,wood
1419,tiled
1420,wood
1421,wood
1422,carpet
1423,soft_pvc
1424,concrete
1425,tiled
1426,soft_tiles
1427,hard_tiles_large_space
1428,soft_tiles
1429,concrete
1430,wood
1431,concrete
1432,concrete
1433,fine_concrete
1434,soft_pvc
1435,carpet
1436,tiled
1437,soft_pvc
1438,concrete
1439,soft_pvc
1440,soft_tiles
1441,fine_concrete
1442,soft_pvc
1443,tiled
1444,soft_pvc
1445,wood
1446,soft_tiles
1447,hard_tiles_large_space
1448,concrete
1449,soft_pvc
1450,concrete
1451,wood
1452,soft_pvc
1453,concrete
1454,wood
1455,carpet
1456,soft_pvc
1457,fine_concrete
1458,concrete
1459,concrete
1460,soft_tiles
1461,soft_pvc
1462,concrete
1463,soft_pvc
1464,hard_tiles_large_space
1465,tiled
1466,tiled
1467,wood
1468,soft_tiles
1469,soft_tiles
1470,wood
1471,concrete
1472,soft_pvc
1473,concrete
1474,hard_tiles_large_space
1475,concrete
1476,soft_pvc
1477,fine_concrete
1478,fine_concrete
1479,concrete
1480,concrete
1481,fine_concrete
1482,concrete
1483,soft_pvc
1484,soft_tiles
1485,soft_pvc
1486,wood
1487,tiled
1488,tiled
1489,wood
1490,wood
1491,wood
1492,fine_concrete
1493,wood
1494,concrete
1495,soft_tiles
1496,wood
1497,tiled
1498,fine_concrete
1499,concrete
1500,soft_pvc
1501,soft_pvc
1502,soft_pvc
1503,concrete
1504,fine_concrete
1505,soft_pvc
1506,wood
1507,fine_concrete
1508,wood
1509,wood
1510,wood
1511,tiled
1512,concrete
1513,carpet
1514,concrete
1515,wood
1516,carpet
1517,soft_tiles
1518,soft_pvc
1519,soft_pvc
1520,wood
1521,wood
1522,soft_tiles
1523,soft_tiles
1524,fine_concrete
1525,concrete
1526,concrete
1527,wood
1528,wood
1529,soft_pvc
1530,wood
1531,soft_pvc
1532,concrete
1533,soft_tiles
1534,concrete
1535,wood
1536,hard_tiles_large_space
1537,soft_pvc
1538,carpet
1539,concrete
1540,wood
1541,soft_pvc
1542,concrete
1543,soft_pvc
1544,soft_tiles
1545,soft_tiles
1546,tiled
1547,wood
1548,soft_tiles
1549,tiled
1550,wood
1551,concrete
1552,soft_tiles
1553,fine_concrete
1554,tiled
1555,wood
1556,wood
1557,fine_concrete
1558,soft_pvc
1559,fine_concrete
1560,soft_tiles
1561,soft_tiles
1562,tiled
1563,tiled
1564,soft_pvc
1565,concrete
1566,wood
1567,concrete
1568,soft_tiles
1569,soft_pvc
1570,concrete
1571,concrete
1572,soft_tiles
1573,concrete
1574,concrete
1575,soft_tiles
1576,soft_tiles
1577,hard_tiles_large_space
1578,tiled
1579,concrete
1580,carpet
1581,soft_pvc
1582,concrete
1583,carpet
1584,concrete
1585,concrete
1586,concrete
1587,carpet
1588,concrete
1589,concrete
1590,concrete
1591,carpet
1592,wood
1593,wood
1594,soft_pvc
1595,concrete
1596,tiled
1597,soft_pvc
1598,soft_tiles
1599,hard_tiles_large_space
1600,wood
1601,soft_pvc
1602,wood
1603,soft_tiles
1604,soft_tiles
1605,soft_pvc
1606,tiled
1607,concrete
1608,hard_tiles_large_space
1609,wood
1610,concrete
1611,soft_pvc
1612,soft_tiles
1613,wood
1614,soft_tiles
1615,soft_tiles
1616,soft_tiles
1617,concrete
1618,soft_pvc
1619,fine_concrete
1620,soft_pvc
1621,hard_tiles_large_space
1622,tiled
1623,soft_tiles
1624,soft_tiles
1625,soft_pvc
1626,soft_tiles
1627,concrete
1628,soft_tiles
1629,soft_pvc
1630,soft_tiles
1631,soft_tiles
1632,soft_pvc
1633,soft_pvc
1634,concrete
1635,wood
1636,soft_tiles
1637,soft_pvc
1638,hard_tiles_large_space
1639,soft_pvc
1640,wood
1641,soft_tiles
1642,soft_pvc
1643,fine_concrete
1644,fine_concrete
1645,soft_pvc
1646,soft_tiles
1647,concrete
1648,soft_tiles
1649,wood
1650,carpet
1651,soft_pvc
1652,concrete
1653,soft_pvc
1654,soft_pvc
1655,wood
1656,soft_pvc
1657,wood
1658,soft_pvc
1659,wood
1660,soft_pvc
1661,soft_pvc
1662,concrete
1663,wood
1664,fine_concrete
1665,soft_pvc
1666,carpet
1667,concrete
1668,concrete
1669,carpet
1670,concrete
1671,tiled
1672,concrete
1673,soft_pvc
1674,soft_tiles
1675,soft_pvc
1676,concrete
1677,soft_tiles
1678,soft_tiles
1679,concrete
1680,soft_pvc
1681,soft_pvc
1682,tiled
1683,concrete
1684,concrete
1685,tiled
1686,tiled
1687,concrete
1688,soft_tiles
1689,concrete
1690,hard_tiles_large_space
1691,soft_tiles
1692,soft_pvc
1693,tiled
1694,wood
1695,soft_pvc
1696,wood
1697,fine_concrete
1698,hard_tiles_large_space
1699,soft_pvc
1700,concrete
1701,soft_pvc
1702,wood
1703,tiled
1704,soft_tiles
1705,concrete
1706,soft_pvc
1707,soft_pvc
1708,carpet
1709,soft_tiles
1710,concrete
1711,fine_concrete
1712,concrete
1713,carpet
1714,concrete
1715,wood
1716,soft_pvc
1717,wood
1718,soft_pvc
1719,soft_tiles
1720,concrete
1721,hard_tiles_large_space
1722,fine_concrete
1723,soft_tiles
1724,hard_tiles_large_space
1725,soft_tiles
1726,tiled
1727,tiled
1728,soft_pvc
1729,concrete
1730,tiled
1731,soft_pvc
1732,tiled
1733,tiled
1734,fine_concrete
1735,concrete
1736,soft_tiles
1737,soft_pvc
1738,concrete
1739,concrete
1740,fine_concrete
1741,concrete
1742,concrete
1743,wood
1744,wood
1745,concrete
1746,wood
1747,soft_tiles
1748,hard_tiles_large_space
1749,soft_pvc
1750,fine_concrete
1751,soft_pvc
1752,concrete
1753,hard_tiles_large_space
1754,concrete
1755,concrete
1756,concrete
1757,soft_pvc
1758,tiled
1759,wood
1760,carpet
1761,soft_pvc
1762,tiled
1763,soft_pvc
1764,tiled
1765,concrete
1766,wood
1767,soft_pvc
1768,soft_pvc
1769,concrete
1770,soft_pvc
1771,wood
1772,tiled
1773,concrete
1774,soft_tiles
1775,wood
1776,soft_tiles
1777,concrete
1778,concrete
1779,tiled
1780,soft_pvc
1781,soft_tiles
1782,wood
1783,wood
1784,soft_pvc
1785,soft_tiles
1786,soft_pvc
1787,fine_concrete
1788,tiled
1789,soft_tiles
1790,soft_pvc
1791,carpet
1792,wood
1793,soft_pvc
1794,soft_pvc
1795,hard_tiles_large_space
1796,concrete
1797,concrete
1798,concrete
1799,soft_tiles
1800,concrete
1801,fine_concrete
1802,soft_pvc
1803,wood
1804,concrete
1805,soft_tiles
1806,concrete
1807,concrete
1808,soft_tiles
1809,concrete
1810,soft_pvc
1811,soft_tiles
1812,soft_pvc
1813,concrete
1814,concrete
1815,wood
1816,soft_tiles
1817,wood
1818,soft_pvc
1819,soft_pvc
1820,soft_tiles
1821,soft_pvc
1822,soft_tiles
1823,wood
1824,soft_pvc
1825,soft_pvc
1826,wood
1827,concrete
1828,soft_tiles
1829,concrete
1830,tiled
1831,wood
1832,wood
1833,fine_concrete
1834,soft_pvc
1835,tiled
1836,concrete
1837,soft_pvc
1838,soft_tiles
1839,concrete
1840,soft_tiles
1841,fine_concrete
1842,fine_concrete
1843,concrete
1844,concrete
1845,soft_tiles
1846,tiled
1847,concrete
1848,concrete
1849,wood
1850,tiled
1851,concrete
1852,soft_pvc
1853,fine_concrete
1854,hard_tiles_large_space
1855,soft_pvc
1856,soft_pvc
1857,soft_tiles
1858,soft_pvc
1859,concrete
1860,concrete
1861,concrete
1862,tiled
1863,concrete
1864,soft_pvc
1865,concrete
1866,soft_pvc
1867,soft_pvc
1868,fine_concrete
1869,tiled
1870,fine_concrete
1871,soft_pvc
1872,concrete
1873,tiled
1874,soft_pvc
1875,soft_pvc
1876,concrete
1877,soft_pvc
1878,soft_tiles
1879,wood
1880,concrete
1881,tiled
1882,wood
1883,soft_pvc
1884,soft_pvc
1885,tiled
1886,tiled
1887,hard_tiles_large_space
1888,soft_pvc
1889,concrete
1890,soft_pvc
1891,fine_concrete
1892,tiled
1893,soft_tiles
1894,soft_pvc
1895,concrete
1896,concrete
1897,wood
1898,concrete
1899,hard_tiles_large_space
1900,soft_pvc
1901,carpet
1902,wood
1903,soft_tiles
1904,tiled
1905,soft_pvc
1906,concrete
1907,wood
1908,tiled
1909,soft_tiles
1910,wood
1911,hard_tiles_large_space
1912,carpet
1913,soft_pvc
1914,wood
1915,soft_pvc
1916,soft_tiles
1917,soft_tiles
1918,concrete
1919,wood
1920,wood
1921,concrete
1922,soft_pvc
1923,concrete
1924,soft_pvc
1925,concrete
1926,soft_tiles
1927,tiled
1928,tiled
1929,soft_pvc
1930,concrete
1931,concrete
1932,soft_tiles
1933,tiled
1934,wood
1935,carpet
1936,hard_tiles_large_space
1937,soft_pvc
1938,tiled
1939,carpet
1940,wood
1941,soft_tiles
1942,concrete
1943,wood
1944,soft_tiles
1945,soft_tiles
1946,soft_tiles
1947,concrete
1948,concrete
1949,wood
1950,fine_concrete
1951,wood
1952,soft_tiles
1953,hard_tiles_large_space
1954,soft_tiles
1955,soft_pvc
1956,soft_pvc
1957,concrete
1958,hard_tiles_large_space
1959,soft_pvc
1960,concrete
1961,wood
1962,concrete
1963,wood
1964,concrete
1965,concrete
1966,hard_tiles_large_space
1967,fine_concrete
1968,soft_pvc
1969,wood
1970,soft_tiles
1971,soft_pvc
1972,concrete
1973,concrete
1974,tiled
1975,soft_tiles
1976,wood
1977,hard_tiles_large_space
1978,tiled
1979,concrete
1980,soft_tiles
1981,concrete
1982,soft_pvc
1983,tiled
1984,concrete
1985,wood
1986,fine_concrete
1987,wood
1988,soft_pvc
1989,wood
1990,wood
1991,carpet
1992,soft_pvc
1993,concrete
1994,hard_tiles_large_space
1995,wood
1996,concrete
1997,concrete
1998,wood
1999,soft_pvc
2000,fine_concrete
2001,soft_pvc
2002,concrete
2003,soft_tiles
2004,concrete
2005,soft_pvc
2006,fine_concrete
2007,concrete
2008,soft_pvc
2009,soft_pvc
2010,wood
2011,tiled
2012,soft_pvc
2013,wood
2014,fine_concrete
2015,concrete
2016,wood
2017,soft_tiles
2018,soft_tiles
2019,soft_pvc
2020,fine_concrete
2021,soft_tiles
2022,soft_pvc
2023,fine_concrete
2024,soft_tiles
2025,soft_pvc
2026,tiled
2027,soft_tiles
2028,fine_concrete
2029,carpet
2030,tiled
2031,soft_pvc
2032,wood
2033,concrete
2034,concrete
2035,soft_pvc
2036,concrete
2037,soft_pvc
2038,wood
2039,tiled
2040,concrete
2041,concrete
2042,soft_pvc
2043,concrete
2044,tiled
2045,tiled
2046,soft_pvc
2047,tiled
2048,soft_pvc
2049,concrete
2050,tiled
2051,soft_pvc
2052,concrete
2053,soft_tiles
2054,soft_tiles
2055,wood
2056,soft_pvc
2057,soft_tiles
2058,concrete
2059,concrete
2060,concrete
2061,soft_pvc
2062,soft_pvc
2063,fine_concrete
2064,soft_tiles
2065,wood
2066,concrete
2067,fine_concrete
2068,concrete
2069,concrete
2070,concrete
2071,wood
2072,concrete
2073,soft_pvc
2074,concrete
2075,concrete
2076,soft_pvc
2077,concrete
2078,soft_tiles
2079,soft_pvc
2080,tiled
2081,soft_tiles
2082,soft_tiles
2083,concrete
2084,tiled
2085,concrete
2086,soft_tiles
2087,wood
2088,fine_concrete
2089,wood
2090,concrete
2091,soft_pvc
2092,concrete
2093,soft_pvc
2094,wood
2095,wood
2096,soft_tiles
2097,soft_pvc
2098,soft_pvc
2099,soft_tiles
2100,concrete
2101,concrete
2102,concrete
2103,fine_concrete
2104,wood
2105,soft_pvc
2106,soft_pvc
2107,hard_tiles_large_space
2108,concrete
2109,concrete
2110,wood
2111,soft_pvc
2112,concrete
2113,soft_tiles
2114,soft_tiles
2115,soft_tiles
2116,tiled
2117,concrete
2118,concrete
2119,soft_pvc
2120,wood
2121,wood
2122,soft_pvc
2123,soft_pvc
2124,fine_concrete
2125,soft_tiles
2126,soft_pvc
2127,concrete
2128,concrete
2129,tiled
2130,wood
2131,carpet
2132,concrete
2133,hard_tiles_large_space
2134,wood
2135,soft_pvc
2136,hard_tiles_large_space
2137,soft_tiles
2138,concrete
2139,concrete
2140,concrete
2141,soft_pvc
2142,soft_pvc
2143,tiled
2144,soft_tiles
2145,concrete
2146,soft_tiles
2147,soft_tiles
2148,concrete
2149,soft_tiles
2150,wood
2151,soft_pvc
2152,concrete
2153,wood
2154,soft_tiles
2155,soft_tiles
2156,wood
2157,wood
2158,soft_tiles
2159,soft_pvc
2160,soft_tiles
2161,soft_pvc
2162,concrete
2163,hard_tiles_large_space
2164,hard_tiles_large_space
2165,tiled
2166,fine_concrete
2167,concrete
2168,soft_tiles
2169,tiled
2170,soft_tiles
2171,soft_tiles
2172,soft_pvc
2173,soft_tiles
2174,carpet
2175,wood
2176,concrete
2177,hard_tiles_large_space
2178,soft_pvc
2179,tiled
2180,concrete
2181,tiled
2182,concrete
2183,wood
2184,concrete
2185,tiled
2186,wood
2187,wood
2188,soft_tiles
2189,soft_pvc
2190,tiled
2191,soft_tiles
2192,concrete
2193,wood
2194,soft_tiles
2195,tiled
2196,soft_pvc
2197,soft_pvc
2198,soft_tiles
2199,hard_tiles_large_space
2200,soft_tiles
2201,soft_tiles
2202,concrete
2203,concrete
2204,concrete
2205,concrete
2206,soft_pvc
2207,soft_pvc
2208,soft_tiles
2209,soft_pvc
2210,soft_pvc
2211,soft_pvc
2212,concrete
2213,soft_pvc
2214,soft_pvc
2215,hard_tiles_large_space
2216,concrete
2217,soft_tiles
2218,soft_pvc
2219,soft_tiles
2220,wood
2221,wood
2222,tiled
2223,soft_pvc
2224,concrete
2225,concrete
2226,soft_pvc
2227,wood
2228,soft_pvc
2229,soft_pvc
2230,soft_pvc
2231,fine_concrete
2232,soft_pvc
2233,soft_pvc
2234,concrete
2235,soft_tiles
2236,soft_tiles
2237,wood
2238,wood
2239,soft_pvc
2240,wood
2241,carpet
2242,concrete
2243,concrete
2244,soft_pvc
2245,soft_pvc
2246,soft_pvc
2247,fine_concrete
2248,tiled
2249,concrete
2250,soft_tiles
2251,carpet
2252,wood
2253,soft_pvc
2254,tiled
2255,concrete
2256,tiled
2257,wood
2258,soft_tiles
2259,soft_pvc
2260,soft_pvc
2261,wood
2262,wood
2263,wood
2264,soft_pvc
2265,hard_tiles_large_space
2266,soft_pvc
2267,concrete
2268,wood
2269,wood
2270,soft_pvc
2271,soft_pvc
2272,soft_pvc
2273,carpet
2274,concrete
2275,wood
2276,tiled
2277,tiled
2278,wood
2279,wood
2280,hard_tiles_large_space
2281,soft_pvc
2282,soft_pvc
2283,tiled
2284,wood
2285,concrete
2286,carpet
2287,tiled
2288,concrete
2289,concrete
2290,concrete
2291,fine_concrete
2292,tiled
2293,hard_tiles_large_space
2294,fine_concrete
2295,concrete
2296,wood
2297,soft_tiles
2298,carpet
2299,soft_pvc
2300,soft_pvc
2301,concrete
2302,soft_pvc
2303,soft_pvc
2304,tiled
2305,concrete
2306,soft_pvc
2307,soft_pvc
2308,fine_concrete
2309,soft_pvc
2310,soft_pvc
2311,concrete
2312,soft_pvc
2313,soft_tiles
2314,fine_concrete
2315,wood
2316,carpet
2317,wood
2318,wood
2319,soft_pvc
2320,soft_pvc
2321,soft_tiles
2322,wood
2323,soft_pvc
2324,fine_concrete
2325,tiled
2326,hard_tiles_large_space
2327,soft_pvc
2328,wood
2329,fine_concrete
2330,soft_pvc
2331,soft_pvc
2332,soft_pvc
2333,soft_pvc
2334,soft_pvc
2335,wood
2336,concrete
2337,soft_pvc
2338,soft_pvc
2339,wood
2340,concrete
2341,fine_concrete
2342,soft_pvc
2343,soft_tiles
2344,concrete
2345,soft_tiles
2346,concrete
2347,tiled
2348,soft_pvc
2349,tiled
2350,soft_tiles
2351,concrete
2352,soft_tiles
2353,wood
2354,soft_tiles
2355,soft_tiles
2356,soft_pvc
2357,soft_pvc
2358,soft_tiles
2359,wood
2360,concrete
2361,wood
2362,fine_concrete
2363,soft_pvc
2364,wood
2365,soft_pvc
2366,soft_pvc
2367,wood
2368,wood
2369,wood
2370,soft_tiles
2371,soft_pvc
2372,wood
2373,concrete
2374,soft_tiles
2375,soft_pvc
2376,soft_pvc
2377,concrete
2378,concrete
2379,soft_pvc
2380,tiled
2381,soft_tiles
2382,concrete
2383,soft_pvc
2384,hard_tiles_large_space
2385,concrete
2386,tiled
2387,carpet
2388,wood
2389,soft_pvc
2390,wood
2391,soft_tiles
2392,soft_pvc
2393,carpet
2394,wood
2395,soft_pvc
2396,soft_pvc
2397,concrete
2398,fine_concrete
2399,wood
2400,wood
2401,concrete
2402,tiled
2403,soft_pvc
2404,hard_tiles_large_space
2405,tiled
2406,soft_pvc
2407,soft_pvc
2408,concrete
2409,concrete
2410,fine_concrete
2411,soft_pvc
2412,tiled
2413,concrete
2414,wood
2415,carpet
2416,concrete
2417,tiled
2418,soft_pvc
2419,soft_pvc
2420,carpet
2421,soft_pvc
2422,tiled
2423,carpet
2424,soft_tiles
2425,concrete
2426,wood
2427,tiled
2428,concrete
2429,wood
2430,wood
2431,hard_tiles_large_space
2432,hard_tiles_large_space
2433,concrete
2434,soft_pvc
2435,soft_tiles
2436,concrete
2437,hard_tiles_large_space
2438,wood
2439,soft_pvc
2440,soft_pvc
2441,soft_pvc
2442,concrete
2443,soft_pvc
2444,soft_tiles
2445,soft_pvc
2446,concrete
2447,soft_pvc
2448,hard_tiles_large_space
2449,soft_pvc
2450,concrete
2451,concrete
2452,soft_pvc
2453,soft_pvc
2454,concrete
2455,hard_tiles_large_space
2456,wood
2457,concrete
2458,soft_tiles
2459,concrete
2460,wood
2461,wood
2462,soft_tiles
2463,concrete
2464,wood
2465,fine_concrete
2466,concrete
2467,soft_pvc
2468,tiled
2469,soft_pvc
2470,wood
2471,hard_tiles_large_space
2472,soft_pvc
2473,concrete
2474,tiled
2475,soft_pvc
2476,soft_tiles
2477,concrete
2478,concrete
2479,soft_tiles
2480,concrete
2481,soft_tiles
2482,wood
2483,wood
2484,carpet
2485,hard_tiles_large_space
2486,fine_concrete
2487,wood
2488,concrete
2489,concrete
2490,concrete
2491,concrete
2492,soft_pvc
2493,concrete
2494,concrete
2495,concrete
2496,wood
2497,soft_pvc
2498,wood
2499,concrete
2500,carpet
2501,concrete
2502,soft_tiles
2503,hard_tiles_large_space
2504,soft_pvc
2505,soft_pvc
2506,concrete
2507,concrete
2508,concrete
2509,carpet
2510,wood
2511,concrete
2512,tiled
2513,soft_tiles
2514,soft_pvc
2515,fine_concrete
2516,concrete
2517,carpet
2518,soft_pvc
2519,hard_tiles_large_space
2520,soft_tiles
2521,soft_pvc
2522,soft_pvc
2523,wood
2524,soft_pvc
2525,wood
2526,wood
2527,hard_tiles_large_space
2528,wood
2529,soft_pvc
2530,wood
2531,soft_tiles
2532,fine_concrete
2533,hard_tiles_large_space
2534,concrete
2535,soft_pvc
2536,fine_concrete
2537,soft_tiles
2538,soft_tiles
2539,soft_pvc
2540,hard_tiles_large_space
2541,soft_pvc
2542,wood
2543,hard_tiles_large_space
2544,wood
2545,concrete
2546,wood
2547,soft_pvc
2548,wood
2549,tiled
2550,wood
2551,soft_tiles
2552,wood
2553,soft_pvc
2554,hard_tiles_large_space
2555,soft_pvc
2556,tiled
2557,concrete
2558,wood
2559,soft_pvc
2560,hard_tiles_large_space
2561,soft_tiles
2562,concrete
2563,tiled
2564,wood
2565,soft_pvc
2566,concrete
2567,carpet
2568,concrete
2569,wood
2570,concrete
2571,soft_pvc
2572,soft_pvc
2573,fine_concrete
2574,wood
2575,wood
2576,soft_tiles
2577,wood
2578,soft_tiles
2579,soft_pvc
2580,fine_concrete
2581,concrete
2582,wood
2583,concrete
2584,soft_pvc
2585,soft_tiles
2586,concrete
2587,concrete
2588,concrete
2589,fine_concrete
2590,soft_tiles
2591,concrete
2592,soft_pvc
2593,carpet
2594,tiled
2595,soft_tiles
2596,soft_pvc
2597,wood
2598,soft_pvc
2599,hard_tiles_large_space
2600,soft_pvc
2601,tiled
2602,wood
2603,concrete
2604,soft_pvc
2605,concrete
2606,soft_pvc
2607,concrete
2608,concrete
2609,hard_tiles_large_space
2610,concrete
2611,tiled
2612,soft_pvc
2613,concrete
2614,soft_pvc
2615,fine_concrete
2616,soft_pvc
2617,soft_pvc
2618,soft_pvc
2619,wood
2620,wood
2621,wood
2622,soft_pvc
2623,wood
2624,wood
2625,soft_pvc
2626,soft_pvc
2627,concrete
2628,soft_pvc
2629,wood
2630,concrete
2631,tiled
2632,concrete
2633,wood
2634,concrete
2635,soft_pvc
2636,wood
2637,concrete
2638,concrete
2639,wood
2640,concrete
2641,soft_pvc
2642,soft_tiles
2643,soft_tiles
2644,soft_pvc
2645,concrete
2646,soft_pvc
2647,soft_tiles
2648,concrete
2649,soft_pvc
2650,tiled
2651,soft_pvc
2652,wood
2653,wood
2654,fine_concrete
2655,tiled
2656,concrete
2657,wood
2658,soft_tiles
2659,soft_tiles
2660,soft_pvc
2661,concrete
2662,wood
2663,soft_pvc
2664,soft_pvc
2665,tiled
2666,soft_pvc
2667,soft_pvc
2668,concrete
2669,soft_pvc
2670,soft_pvc
2671,concrete
2672,concrete
2673,soft_pvc
2674,soft_tiles
2675,concrete
2676,soft_tiles
2677,soft_pvc
2678,hard_tiles_large_space
2679,soft_pvc
2680,soft_tiles
2681,carpet
2682,soft_tiles
2683,tiled
2684,concrete
2685,concrete
2686,soft_pvc
2687,tiled
2688,concrete
2689,wood
2690,concrete
2691,concrete
2692,soft_pvc
2693,soft_pvc
2694,carpet
2695,tiled
2696,tiled
2697,hard_tiles_large_space
2698,fine_concrete
2699,soft_tiles
2700,tiled
2701,soft_pvc
2702,carpet
2703,soft_pvc
2704,hard_tiles_large_space
2705,soft_pvc
2706,tiled
2707,carpet
2708,concrete
2709,soft_pvc
2710,soft_pvc
2711,concrete
2712,wood
2713,soft_pvc
2714,concrete
2715,soft_pvc
2716,hard_tiles_large_space
2717,concrete
2718,tiled
2719,carpet
2720,soft_tiles
2721,tiled
2722,soft_tiles
2723,carpet
2724,wood
2725,soft_pvc
2726,tiled
2727,soft_pvc
2728,soft_tiles
2729,tiled
2730,wood
2731,fine_concrete
2732,concrete
2733,fine_concrete
2734,concrete
2735,concrete
2736,soft_tiles
2737,soft_pvc
2738,fine_concrete
2739,soft_pvc
2740,concrete
2741,wood
2742,tiled
2743,concrete
2744,soft_tiles
2745,wood
2746,hard_tiles_large_space
2747,concrete
2748,soft_pvc
2749,soft_pvc
2750,wood
2751,soft_pvc
2752,concrete
2753,soft_pvc
2754,soft_pvc
2755,soft_tiles
2756,tiled
2757,soft_pvc
2758,tiled
2759,wood
2760,concrete
2761,soft_pvc
2762,fine_concrete
2763,soft_tiles
2764,soft_tiles
2765,concrete
2766,concrete
2767,soft_pvc
2768,soft_pvc
2769,concrete
2770,hard_tiles_large_space
2771,hard_tiles_large_space
2772,soft_pvc
2773,wood
2774,tiled
2775,soft_pvc
2776,soft_tiles
2777,soft_pvc
2778,concrete
2779,wood
2780,soft_pvc
2781,soft_pvc
2782,soft_pvc
2783,concrete
2784,soft_pvc
2785,tiled
2786,soft_tiles
2787,fine_concrete
2788,hard_tiles_large_space
2789,soft_pvc
2790,hard_tiles_large_space
2791,wood
2792,soft_tiles
2793,concrete
2794,soft_tiles
2795,soft_tiles
2796,concrete
2797,soft_pvc
2798,soft_pvc
2799,concrete
2800,carpet
2801,concrete
2802,carpet
2803,soft_pvc
2804,concrete
2805,concrete
2806,concrete
2807,concrete
2808,wood
2809,wood
2810,soft_pvc
2811,soft_pvc
2812,soft_tiles
2813,soft_tiles
2814,concrete
2815,soft_tiles
2816,wood
2817,concrete
2818,soft_pvc
2819,fine_concrete
2820,wood
2821,concrete
2822,soft_pvc
2823,soft_pvc
2824,concrete
2825,wood
2826,soft_pvc
2827,hard_tiles_large_space
2828,soft_tiles
2829,tiled
2830,concrete
2831,tiled
2832,soft_pvc
2833,concrete
2834,tiled
2835,fine_concrete
2836,soft_tiles
2837,soft_pvc
2838,carpet
2839,fine_concrete
2840,soft_pvc
2841,wood
2842,concrete
2843,soft_pvc
2844,soft_pvc
2845,soft_pvc
2846,wood
2847,concrete
2848,concrete
2849,wood
2850,wood
2851,carpet
2852,wood
2853,wood
2854,wood
2855,soft_pvc
2856,concrete
2857,fine_concrete
2858,concrete
2859,wood
2860,concrete
2861,wood
2862,concrete
2863,concrete
2864,soft_pvc
2865,concrete
2866,soft_tiles
2867,tiled
2868,soft_pvc
2869,wood
2870,wood
2871,concrete
2872,concrete
2873,concrete
2874,wood
2875,tiled
2876,soft_pvc
2877,concrete
2878,concrete
2879,wood
2880,carpet
2881,fine_concrete
2882,concrete
2883,soft_tiles
2884,concrete
2885,wood
2886,fine_concrete
2887,soft_pvc
2888,tiled
2889,soft_pvc
2890,soft_tiles
2891,soft_pvc
2892,soft_tiles
2893,hard_tiles_large_space
2894,wood
2895,concrete
2896,soft_tiles
2897,soft_tiles
2898,soft_pvc
2899,concrete
2900,wood
2901,soft_tiles
2902,concrete
2903,soft_pvc
2904,wood
2905,wood
2906,tiled
2907,wood
2908,soft_pvc
2909,soft_pvc
2910,wood
2911,tiled
2912,tiled
2913,wood
2914,tiled
2915,concrete
2916,wood
2917,concrete
2918,soft_pvc
2919,fine_concrete
2920,wood
2921,soft_tiles
2922,concrete
2923,soft_pvc
2924,soft_pvc
2925,concrete
2926,wood
2927,soft_tiles
2928,soft_pvc
2929,soft_pvc
2930,concrete
2931,soft_pvc
2932,tiled
2933,soft_pvc
2934,soft_pvc
2935,soft_pvc
2936,soft_pvc
2937,fine_concrete
2938,carpet
2939,tiled
2940,tiled
2941,soft_pvc
2942,soft_tiles
2943,concrete
2944,soft_pvc
2945,soft_pvc
2946,soft_pvc
2947,fine_concrete
2948,tiled
2949,concrete
2950,wood
2951,concrete
2952,soft_pvc
2953,soft_tiles
2954,hard_tiles_large_space
2955,soft_pvc
2956,concrete
2957,concrete
2958,fine_concrete
2959,soft_pvc
2960,tiled
2961,soft_pvc
2962,concrete
2963,fine_concrete
2964,soft_tiles
2965,soft_tiles
2966,wood
2967,wood
2968,tiled
2969,concrete
2970,wood
2971,wood
2972,soft_tiles
2973,soft_tiles
2974,soft_pvc
2975,soft_tiles
2976,concrete
2977,tiled
2978,concrete
2979,soft_pvc
2980,concrete
2981,concrete
2982,soft_pvc
2983,soft_tiles
2984,soft_pvc
2985,soft_pvc
2986,concrete
2987,wood
2988,concrete
2989,soft_pvc
2990,soft_pvc
2991,concrete
2992,wood
2993,wood
2994,soft_pvc
2995,soft_tiles
2996,tiled
2997,concrete
2998,concrete
2999,soft_pvc
3000,wood
3001,soft_tiles
3002,fine_concrete
3003,concrete
3004,carpet
3005,soft_pvc
3006,fine_concrete
3007,fine_concrete
3008,soft_tiles
3009,soft_pvc
3010,wood
3011,soft_pvc
3012,carpet
3013,soft_tiles
3014,concrete
3015,concrete
3016,concrete
3017,tiled
3018,tiled
3019,soft_pvc
3020,wood
3021,concrete
3022,tiled
3023,soft_tiles
3024,soft_pvc
3025,tiled
3026,carpet
3027,soft_pvc
3028,wood
3029,soft_pvc
3030,soft_tiles
3031,concrete
3032,concrete
3033,concrete
3034,carpet
3035,soft_pvc
3036,wood
3037,soft_pvc
3038,soft_tiles
3039,soft_pvc
3040,soft_pvc
3041,concrete
3042,soft_tiles
3043,concrete
3044,concrete
3045,wood
3046,soft_pvc
3047,hard_tiles_large_space
3048,wood
3049,soft_pvc
3050,wood
3051,wood
3052,concrete
3053,concrete
3054,concrete
3055,tiled
3056,wood
3057,soft_tiles
3058,concrete
3059,soft_pvc
3060,concrete
3061,carpet
3062,soft_tiles
3063,tiled
3064,wood
3065,hard_tiles_large_space
3066,soft_pvc
3067,concrete
3068,concrete
3069,wood
3070,tiled
3071,concrete
3072,tiled
3073,fine_concrete
3074,soft_pvc
3075,soft_pvc
3076,soft_tiles
3077,concrete
3078,concrete
3079,soft_pvc
3080,soft_tiles
3081,concrete
3082,concrete
3083,fine_concrete
3084,soft_tiles
3085,wood
3086,wood
3087,wood
3088,soft_pvc
3089,soft_tiles
3090,soft_pvc
3091,fine_concrete
3092,soft_pvc
3093,wood
3094,concrete
3095,wood
3096,wood
3097,concrete
3098,soft_pvc
3099,soft_pvc
3100,wood
3101,soft_pvc
3102,soft_pvc
3103,wood
3104,soft_pvc
3105,carpet
3106,wood
3107,concrete
3108,wood
3109,soft_tiles
3110,soft_tiles
3111,soft_pvc
3112,soft_tiles
3113,soft_tiles
3114,soft_pvc
3115,concrete
3116,hard_tiles_large_space
3117,fine_concrete
3118,concrete
3119,concrete
3120,concrete
3121,soft_pvc
3122,hard_tiles_large_space
3123,soft_tiles
3124,hard_tiles_large_space
3125,concrete
3126,soft_pvc
3127,wood
3128,wood
3129,soft_pvc
3130,hard_tiles_large_space
3131,concrete
3132,wood
3133,soft_pvc
3134,tiled
3135,hard_tiles_large_space
3136,concrete
3137,concrete
3138,carpet
3139,soft_pvc
3140,soft_pvc
3141,soft_pvc
3142,wood
3143,soft_pvc
3144,fine_concrete
3145,fine_concrete
3146,wood
3147,concrete
3148,fine_concrete
3149,wood
3150,concrete
3151,soft_tiles
3152,concrete
3153,fine_concrete
3154,wood
3155,wood
3156,hard_tiles_large_space
3157,concrete
3158,concrete
3159,concrete
3160,concrete
3161,fine_concrete
3162,concrete
3163,fine_concrete
3164,wood
3165,concrete
3166,soft_tiles
3167,soft_tiles
3168,tiled
3169,soft_pvc
3170,wood
3171,concrete
3172,soft_tiles
3173,concrete
3174,fine_concrete
3175,soft_pvc
3176,wood
3177,concrete
3178,concrete
3179,tiled
3180,wood
3181,concrete
3182,soft_pvc
3183,concrete
3184,concrete
3185,wood
3186,soft_pvc
3187,hard_tiles_large_space
3188,soft_tiles
3189,concrete
3190,carpet
3191,concrete
3192,wood
3193,fine_concrete
3194,wood
3195,concrete
3196,soft_pvc
3197,soft_pvc
3198,concrete
3199,concrete
3200,soft_pvc
3201,concrete
3202,concrete
3203,concrete
3204,concrete
3205,hard_tiles_large_space
3206,soft_pvc
3207,soft_pvc
3208,soft_tiles
3209,soft_pvc
3210,soft_pvc
3211,wood
3212,tiled
3213,concrete
3214,hard_tiles_large_space
3215,soft_tiles
3216,soft_pvc
3217,soft_pvc
3218,soft_tiles
3219,tiled
3220,soft_pvc
3221,carpet
3222,carpet
3223,soft_pvc
3224,tiled
3225,soft_tiles
3226,concrete
3227,soft_tiles
3228,soft_pvc
3229,soft_pvc
3230,fine_concrete
3231,soft_tiles
3232,soft_pvc
3233,soft_pvc
3234,concrete
3235,soft_tiles
3236,fine_concrete
3237,soft_tiles
3238,soft_tiles
3239,carpet
3240,soft_pvc
3241,concrete
3242,fine_concrete
3243,carpet
3244,concrete
3245,concrete
3246,hard_tiles_large_space
3247,concrete
3248,wood
3249,concrete
3250,soft_tiles
3251,wood
3252,wood
3253,concrete
3254,wood
3255,concrete
3256,wood
3257,wood
3258,carpet
3259,wood
3260,soft_pvc
3261,soft_pvc
3262,wood
3263,concrete
3264,wood
3265,fine_concrete
3266,tiled
3267,concrete
3268,soft_pvc
3269,soft_tiles
3270,tiled
3271,soft_pvc
3272,hard_tiles_large_space
3273,fine_concrete
3274,concrete
3275,soft_pvc
3276,wood
3277,soft_pvc
3278,wood
3279,concrete
3280,soft_pvc
3281,hard_tiles_large_space
3282,soft_pvc
3283,concrete
3284,concrete
3285,wood
3286,wood
3287,tiled
3288,fine_concrete
3289,soft_pvc
3290,concrete
3291,tiled
3292,concrete
3293,carpet
3294,concrete
3295,concrete
3296,hard_tiles_large_space
3297,hard_tiles_large_space
3298,concrete
3299,wood
3300,wood
3301,tiled
3302,soft_pvc
3303,concrete
3304,tiled
3305,fine_concrete
3306,concrete
3307,concrete
3308,soft_pvc
3309,tiled
3310,soft_tiles
3311,soft_pvc
3312,tiled
3313,wood
3314,wood
3315,fine_concrete
3316,concrete
3317,concrete
3318,carpet
3319,concrete
3320,wood
3321,soft_tiles
3322,soft_pvc
3323,concrete
3324,soft_pvc
3325,concrete
3326,soft_tiles
3327,soft_pvc
3328,soft_tiles
3329,fine_concrete
3330,fine_concrete
3331,concrete
3332,concrete
3333,soft_pvc
3334,hard_tiles_large_space
3335,wood
3336,hard_tiles_large_space
3337,soft_pvc
3338,soft_pvc
3339,wood
3340,fine_concrete
3341,soft_pvc
3342,hard_tiles_large_space
3343,fine_concrete
3344,soft_pvc
3345,concrete
3346,wood
3347,fine_concrete
3348,concrete
3349,wood
3350,tiled
3351,soft_pvc
3352,tiled
3353,wood
3354,soft_pvc
3355,soft_pvc
3356,soft_pvc
3357,soft_tiles
3358,soft_tiles
3359,concrete
3360,concrete
3361,wood
3362,concrete
3363,concrete
3364,soft_pvc
3365,tiled
3366,hard_tiles_large_space
3367,carpet
3368,soft_tiles
3369,wood
3370,soft_pvc
3371,soft_pvc
3372,soft_tiles
3373,tiled
3374,fine_concrete
3375,wood
3376,soft_pvc
3377,tiled
3378,wood
3379,wood
3380,soft_pvc
3381,concrete
3382,tiled
3383,fine_concrete
3384,fine_concrete
3385,concrete
3386,concrete
3387,wood
3388,soft_pvc
3389,concrete
3390,tiled
3391,soft_pvc
3392,carpet
3393,soft_tiles
3394,tiled
3395,tiled
3396,wood
3397,soft_tiles
3398,soft_tiles
3399,wood
3400,soft_tiles
3401,soft_tiles
3402,wood
3403,wood
3404,hard_tiles_large_space
3405,soft_pvc
3406,fine_concrete
3407,wood
3408,tiled
3409,fine_concrete
3410,tiled
3411,soft_pvc
3412,concrete
3413,soft_pvc
3414,concrete
3415,concrete
3416,wood
3417,concrete
3418,concrete
3419,concrete
3420,carpet
3421,tiled
3422,tiled
3423,wood
3424,soft_pvc
3425,concrete
3426,concrete
3427,wood
3428,soft_pvc
3429,concrete
3430,concrete
3431,concrete
3432,concrete
3433,tiled
3434,hard_tiles_large_space
3435,soft_tiles
3436,carpet
3437,carpet
3438,soft_pvc
3439,carpet
3440,soft_tiles
3441,wood
3442,wood
3443,wood
3444,tiled
3445,soft_pvc
3446,wood
3447,concrete
3448,fine_concrete
3449,soft_tiles
3450,soft_pvc
3451,concrete
3452,fine_concrete
3453,soft_pvc
3454,soft_pvc
3455,carpet
3456,soft_pvc
3457,soft_pvc
3458,carpet
3459,soft_pvc
3460,tiled
3461,concrete
3462,soft_pvc
3463,hard_tiles_large_space
3464,concrete
3465,wood
3466,concrete
3467,soft_pvc
3468,tiled
3469,concrete
3470,wood
3471,soft_pvc
3472,concrete
3473,concrete
3474,concrete
3475,fine_concrete
3476,wood
3477,soft_tiles
3478,soft_pvc
3479,tiled
3480,wood
3481,concrete
3482,soft_pvc
3483,soft_pvc
3484,wood
3485,concrete
3486,concrete
3487,fine_concrete
3488,tiled
3489,wood
3490,fine_concrete
3491,wood
3492,tiled
3493,soft_pvc
3494,wood
3495,tiled
3496,soft_pvc
3497,soft_pvc
3498,concrete
3499,soft_tiles
3500,soft_tiles
3501,wood
3502,wood
3503,soft_tiles
3504,soft_pvc
3505,soft_pvc
3506,soft_pvc
3507,hard_tiles_large_space
3508,soft_pvc
3509,wood
3510,concrete
3511,concrete
3512,hard_tiles_large_space
3513,concrete
3514,concrete
3515,soft_pvc
3516,soft_tiles
3517,concrete
3518,fine_concrete
3519,soft_pvc
3520,fine_concrete
3521,wood
3522,tiled
3523,soft_pvc
3524,fine_concrete
3525,fine_concrete
3526,soft_pvc
3527,tiled
3528,soft_pvc
3529,wood
3530,soft_tiles
3531,soft_tiles
3532,fine_concrete
3533,soft_pvc
3534,wood
3535,tiled
3536,hard_tiles_large_space
3537,hard_tiles_large_space
3538,concrete
3539,concrete
3540,soft_pvc
3541,concrete
3542,carpet
3543,wood
3544,hard_tiles_large_space
3545,wood
3546,wood
3547,wood
3548,concrete
3549,soft_tiles
3550,hard_tiles_large_space
3551,soft_pvc
3552,soft_pvc
3553,concrete
3554,soft_tiles
3555,concrete
3556,wood
3557,concrete
3558,wood
3559,concrete
3560,hard_tiles_large_space
3561,concrete
3562,soft_pvc
3563,carpet
3564,fine_concrete
3565,soft_tiles
3566,soft_pvc
3567,tiled
3568,soft_tiles
3569,concrete
3570,soft_pvc
3571,soft_tiles
3572,carpet
3573,concrete
3574,concrete
3575,concrete
3576,wood
3577,concrete
3578,soft_tiles
3579,tiled
3580,wood
3581,concrete
3582,soft_pvc
3583,soft_pvc
3584,wood
3585,carpet
3586,soft_pvc
3587,soft_pvc
3588,soft_tiles
3589,wood
3590,wood
3591,soft_tiles
3592,soft_pvc
3593,soft_pvc
3594,concrete
3595,soft_tiles
3596,soft_pvc
3597,fine_concrete
3598,soft_pvc
3599,concrete
3600,hard_tiles_large_space
3601,tiled
3602,fine_concrete
3603,soft_tiles
3604,concrete
3605,concrete
3606,concrete
3607,wood
3608,wood
3609,concrete
3610,soft_pvc
3611,carpet
3612,concrete
3613,wood
3614,concrete
3615,tiled
3616,wood
3617,wood
3618,carpet
3619,tiled
3620,soft_tiles
3621,hard_tiles_large_space
3622,wood
3623,soft_pvc
3624,concrete
3625,concrete
3626,soft_tiles
3627,soft_pvc
3628,soft_pvc
3629,wood
3630,wood
3631,soft_pvc
3632,concrete
3633,soft_tiles
3634,tiled
3635,soft_tiles
3636,soft_tiles
3637,soft_pvc
3638,tiled
3639,fine_concrete
3640,concrete
3641,concrete
3642,soft_tiles
3643,concrete
3644,tiled
3645,concrete
3646,concrete
3647,wood
3648,wood
3649,wood
3650,tiled
3651,wood
3652,soft_tiles
3653,soft_pvc
3654,concrete
3655,concrete
3656,concrete
3657,wood
3658,tiled
3659,concrete
3660,soft_pvc
3661,hard_tiles_large_space
3662,soft_pvc
3663,concrete
3664,concrete
3665,wood
3666,hard_tiles_large_space
3667,wood
3668,carpet
3669,concrete
3670,fine_concrete
3671,concrete
3672,soft_tiles
3673,concrete
3674,tiled
3675,hard_tiles_large_space
3676,concrete
3677,soft_pvc
3678,concrete
3679,tiled
3680,concrete
3681,tiled
3682,concrete
3683,soft_pvc
3684,soft_pvc
3685,hard_tiles_large_space
3686,soft_pvc
3687,concrete
3688,concrete
3689,soft_pvc
3690,tiled
3691,concrete
3692,tiled
3693,soft_tiles
3694,fine_concrete
3695,soft_pvc
3696,wood
3697,wood
3698,wood
3699,soft_tiles
3700,soft_pvc
3701,concrete
3702,wood
3703,tiled
3704,soft_tiles
3705,tiled
3706,soft_tiles
3707,wood
3708,wood
3709,concrete
3710,concrete
3711,wood
3712,soft_pvc
3713,concrete
3714,concrete
3715,soft_pvc
3716,concrete
3717,concrete
3718,concrete
3719,concrete
3720,tiled
3721,soft_tiles
3722,concrete
3723,concrete
3724,concrete
3725,soft_pvc
3726,tiled
3727,wood
3728,soft_tiles
3729,soft_tiles
3730,wood
3731,wood
3732,tiled
3733,soft_pvc
3734,concrete
3735,concrete
3736,soft_pvc
3737,wood
3738,concrete
3739,wood
3740,soft_pvc
3741,concrete
3742,tiled
3743,soft_pvc
3744,concrete
3745,soft_pvc
3746,wood
3747,soft_tiles
3748,concrete
3749,wood
3750,soft_tiles
3751,wood
3752,soft_pvc
3753,soft_tiles
3754,wood
3755,soft_tiles
3756,soft_tiles
3757,wood
3758,wood
3759,hard_tiles_large_space
3760,concrete
3761,carpet
3762,concrete
3763,soft_pvc
3764,concrete
3765,soft_pvc
3766,concrete
3767,concrete
3768,soft_pvc
3769,soft_pvc
3770,tiled
3771,soft_tiles
3772,concrete
3773,concrete
3774,soft_tiles
3775,tiled
3776,concrete
3777,concrete
3778,concrete
3779,soft_pvc
3780,soft_pvc
3781,soft_pvc
3782,fine_concrete
3783,soft_pvc
3784,soft_tiles
3785,hard_tiles_large_space
3786,tiled
3787,concrete
3788,concrete
3789,concrete
3790,concrete
3791,concrete
3792,wood
3793,fine_concrete
3794,concrete
3795,soft_pvc
3796,soft_tiles
3797,concrete
3798,wood
3799,concrete
3800,soft_tiles
3801,wood
3802,wood
3803,concrete
3804,concrete
3805,wood
3806,concrete
3807,soft_pvc
3808,tiled
3809,soft_pvc
3810,soft_pvc
3811,soft_pvc
3812,carpet
3813,concrete
3814,concrete
3815,wood
